,id,name,image,Femal,Live,Married,Saudi,Volenteer,Contributed,Doctor,Prince,Orphancaring,Ministry,DoctorTitel,Travel,Acting,Twin,SulimanCenter,Ehsan,Kawater,Cancer,PoorHouse,Univercity,Operataion,HaveNeckname,MemberAtInstitution,Award,VolanteerGiude,Eidz,Mawhobeen,ShiningWorldCompassionAward,Safeerah,Blind,Success,Misk,Kurbah,Arafat,ReseachCenter,ENEZA,Faysaliah,isJeddah,isRyadah,isother
0,1,Abdullah bin Abdulaziz Al-Rabiah,https://dl.dropboxusercontent.com/s/wiy4a2i41zn9mgr/%D8%B9%D8%A8%D8%AF%20%D8%A7%D9%84%D9%84%D9%87%20%D8%A8%D9%86%20%D8%B9%D8%A8%D8%AF%20%D8%A7%D9%84%D8%B9%D8%B2%D9%8A%D8%B2%20%D8%A7%D9%84%D8%B1%D8%A8%D9%8A%D8%B9%D8%A9.png?dl=0,FALSE,TRUE,TRUE,TRUE,TRUE,TRUE,TRUE,FALSE,FALSE,FALSE,FALSE,FALSE,FALSE,TRUE,TRUE,FALSE,FALSE,FALSE,FALSE,FALSE,FALSE,FALSE,FALSE,FALSE,FALSE,FALSE,FALSE,FALSE,FALSE,FALSE,FALSE,FALSE,FALSE,FALSE,FALSE,FALSE,FALSE,FALSE,TRUE,FALSE
1,2,Ahmed Mazen Al Shugairi,https://dl.dropboxusercontent.com/s/nur21yup3qb2qkl/%D8%A3%D8%AD%D9%85%D8%AF%20%D9%85%D8%A7%D8%B2%D9%86%20%D8%A7%D9%84%D8%B4%D9%82%D9%8A%D8%B1%D9%8A.png?dl=0,FALSE,TRUE,TRUE,TRUE,TRUE,TRUE,FALSE,FALSE,FALSE,FALSE,FALSE,FALSE,FALSE,FALSE,FALSE,TRUE,TRUE,FALSE,FALSE,FALSE,FALSE,FALSE,FALSE,FALSE,FALSE,FALSE,FALSE,FALSE,FALSE,FALSE,FALSE,FALSE,FALSE,FALSE,FALSE,FALSE,FALSE,TRUE,FALSE,FALSE
2,3,Dr. Samia Al-Amoudi,https://dl.dropboxusercontent.com/s/zeyhp973y05il9u/%D8%A7%D9%84%D8%AF%D9%83%D8%AA%D9%88%D8%B1%D8%A9%20%D8%B3%D8%A7%D9%85%D9%8A%D8%A9%20%D8%A7%D9%84%D8%B9%D9%85%D9%88%D8%AF%D9%8A.png?dl=0,TRUE,TRUE,TRUE,TRUE,TRUE,TRUE,TRUE,FALSE,FALSE,FALSE,FALSE,FALSE,FALSE,FALSE,FALSE,FALSE,FALSE,TRUE,FALSE,FALSE,FALSE,FALSE,FALSE,FALSE,FALSE,FALSE,FALSE,FALSE,FALSE,FALSE,FALSE,FALSE,FALSE,FALSE,FALSE,FALSE,FALSE,TRUE,FALSE,FALSE
3,4,Sheikh Abdul Aziz Al Musa,https://dl.dropboxusercontent.com/s/slay7wtjx0xgj87/%D8%A7%D9%84%D8%B4%D9%8A%D8%AE%20%D8%B9%D8%A8%D8%AF%20%D8%A7%D9%84%D8%B9%D8%B2%D9%8A%D8%B2%20%D8%A7%D9%84%D9%85%D9%88%D8%B3%D9%89.png?dl=0,FALSE,FALSE,TRUE,TRUE,TRUE,TRUE,FALSE,FALSE,FALSE,FALSE,FALSE,FALSE,FALSE,FALSE,FALSE,FALSE,FALSE,FALSE,TRUE,FALSE,FALSE,FALSE,FALSE,FALSE,FALSE,FALSE,FALSE,FALSE,FALSE,FALSE,FALSE,FALSE,FALSE,FALSE,FALSE,FALSE,FALSE,FALSE,TRUE,FALSE
4,5,Prince Muqrin bin Abdulaziz Al Saud,https://dl.dropboxusercontent.com/s/eo3lpn1896ff9ls/%D8%A7%D9%84%D8%A3%D9%85%D9%8A%D8%B1%20%D9%85%D9%82%D8%B1%D9%86%20%D8%A8%D9%86%20%D8%B9%D8%A8%D8%AF%20%D8%A7%D9%84%D8%B9%D8%B2%D9%8A%D8%B2%20%D8%A2%D9%84%20%D8%B3%D8%B9%D9%88%D8%AF.png?dl=0,FALSE,TRUE,TRUE,TRUE,TRUE,TRUE,FALSE,TRUE,FALSE,FALSE,FALSE,FALSE,FALSE,FALSE,FALSE,FALSE,FALSE,FALSE,FALSE,TRUE,FALSE,FALSE,FALSE,FALSE,FALSE,FALSE,FALSE,FALSE,FALSE,FALSE,FALSE,FALSE,FALSE,FALSE,FALSE,FALSE,FALSE,FALSE,TRUE,FALSE
5,6,Dr. Khaled Al-Otaibi,https://dl.dropboxusercontent.com/s/ai3ilae2fwrujs4/%D8%A7%D9%84%D8%AF%D9%83%D8%AA%D9%88%D8%B1%20%D8%AE%D8%A7%D9%84%D8%AF%20%D8%A7%D9%84%D8%B9%D8%AA%D9%8A%D8%A8%D9%8A.png?dl=0,FALSE,TRUE,TRUE,TRUE,TRUE,TRUE,TRUE,FALSE,FALSE,FALSE,FALSE,FALSE,FALSE,FALSE,FALSE,FALSE,FALSE,FALSE,FALSE,FALSE,TRUE,FALSE,FALSE,FALSE,FALSE,FALSE,FALSE,FALSE,FALSE,FALSE,FALSE,FALSE,FALSE,FALSE,FALSE,FALSE,FALSE,FALSE,TRUE,FALSE
6,7,Saleh Ali Al-Turki,https://dl.dropboxusercontent.com/s/qr78zvpycmdhthf/%D8%B5%D8%A7%D9%84%D8%AD%20%D8%B9%D9%84%D9%8A%20%D8%A7%D9%84%D8%AA%D8%B1%D9%83%D9%8A.png?dl=0,FALSE,TRUE,TRUE,TRUE,TRUE,TRUE,FALSE,FALSE,FALSE,FALSE,FALSE,FALSE,FALSE,FALSE,FALSE,FALSE,FALSE,FALSE,FALSE,FALSE,FALSE,TRUE,FALSE,FALSE,FALSE,FALSE,FALSE,FALSE,FALSE,FALSE,FALSE,FALSE,FALSE,FALSE,FALSE,FALSE,FALSE,TRUE,FALSE,FALSE
7,8,Princess Al-Bandari bint Abdul Rahman Al-Faisal,https://dl.dropboxusercontent.com/s/azu8z48dzw4m4k8/%D8%A7%D9%84%D8%A3%D9%85%D9%8A%D8%B1%D8%A9%D8%A7%D9%84%D8%A8%D9%86%D8%AF%D8%B1%D9%8A%20%D8%A8%D9%86%D8%AA%20%D8%B9%D8%A8%D8%AF%20%D8%A7%D9%84%D8%B1%D8%AD%D9%85%D9%86%20%D8%A7%D9%84%D9%81%D9%8A%D8%B5%D9%84.png?dl=0,TRUE,FALSE,TRUE,TRUE,TRUE,TRUE,FALSE,TRUE,FALSE,FALSE,FALSE,FALSE,FALSE,FALSE,FALSE,FALSE,FALSE,FALSE,FALSE,FALSE,FALSE,FALSE,TRUE,FALSE,FALSE,FALSE,FALSE,FALSE,FALSE,FALSE,FALSE,FALSE,FALSE,FALSE,FALSE,FALSE,FALSE,FALSE,TRUE,FALSE
8,9,Sharaf Muhammad Al-Hariri Al-Zahrani,https://dl.dropboxusercontent.com/s/6q0o6gzctlzfgef/%D8%B4%D8%B1%D9%81%20%D9%85%D8%AD%D9%85%D8%AF%20%D8%A7%D9%84%D8%AD%D8%B1%D9%8A%D8%B1%D9%8A%20%D8%A7%D9%84%D8%B2%D9%87%D8%B1%D8%A7%D9%86%D9%8A.png?dl=0,FALSE,TRUE,TRUE,TRUE,TRUE,TRUE,FALSE,FALSE,TRUE,FALSE,FALSE,FALSE,FALSE,FALSE,FALSE,FALSE,FALSE,FALSE,FALSE,FALSE,FALSE,FALSE,FALSE,TRUE,FALSE,FALSE,FALSE,FALSE,FALSE,FALSE,FALSE,FALSE,FALSE,FALSE,FALSE,FALSE,FALSE,FALSE,FALSE,TRUE
9,10,Dr. Saleh bin Hamad Al-Suhaibani,https://dl.dropboxusercontent.com/s/f6658q3xv5kkuu1/%D9%84%D8%AF%D9%83%D8%AA%D9%88%D8%B1%20%D8%B5%D8%A7%D9%84%D8%AD%20%D8%A8%D9%86%20%D8%AD%D9%85%D8%AF%20%D8%A7%D9%84%D8%B3%D8%AD%D9%8A%D8%A8%D8%A7%D9%86%D9%8A.png?dl=0,FALSE,TRUE,TRUE,TRUE,TRUE,TRUE,FALSE,FALSE,FALSE,FALSE,TRUE,FALSE,FALSE,FALSE,FALSE,FALSE,FALSE,FALSE,FALSE,FALSE,FALSE,FALSE,FALSE,FALSE,TRUE,FALSE,FALSE,FALSE,FALSE,FALSE,FALSE,FALSE,FALSE,FALSE,FALSE,FALSE,FALSE,FALSE,FALSE,TRUE
10,11,Dr. Sana Mustafa Felimban,https://dl.dropboxusercontent.com/s/1fg99cxc1db75kj/%D8%A7%D9%84%D8%AF%D9%83%D8%AA%D9%88%D8%B1%D8%A9%20%D8%B3%D9%86%D8%A7%D8%A1%20%D9%85%D8%B5%D8%B7%D9%81%D9%89%20%D9%81%D9%84%D9%85%D8%A8%D8%A7%D9%86.png?dl=0,TRUE,TRUE,TRUE,TRUE,TRUE,TRUE,TRUE,FALSE,FALSE,FALSE,FALSE,FALSE,FALSE,FALSE,FALSE,FALSE,FALSE,FALSE,FALSE,FALSE,FALSE,FALSE,FALSE,FALSE,FALSE,TRUE,FALSE,FALSE,FALSE,FALSE,FALSE,FALSE,FALSE,FALSE,FALSE,FALSE,FALSE,FALSE,FALSE,TRUE
11,12,Iyad bin Amin Madani,https://dl.dropboxusercontent.com/s/iaqeurunb5gipp5/%D8%A5%D9%8A%D8%A7%D8%AF%20%D8%A8%D9%86%20%D8%A3%D9%85%D9%8A%D9%86%20%D9%85%D8%AF%D9%86%D9%8A.png?dl=0,FALSE,TRUE,TRUE,TRUE,TRUE,TRUE,FALSE,FALSE,FALSE,TRUE,FALSE,FALSE,FALSE,FALSE,FALSE,FALSE,FALSE,FALSE,FALSE,FALSE,FALSE,FALSE,FALSE,FALSE,FALSE,FALSE,TRUE,FALSE,FALSE,FALSE,FALSE,FALSE,FALSE,FALSE,FALSE,FALSE,FALSE,FALSE,FALSE,TRUE
12,13,Ali Al-Ghamdi,https://dl.dropboxusercontent.com/s/t8q1jkqcnza84ln/%D8%B9%D9%84%D9%8A%20%D8%A7%D9%84%D8%BA%D8%A7%D9%85%D8%AF%D9%8A.png?dl=0,FALSE,TRUE,TRUE,TRUE,TRUE,TRUE,FALSE,FALSE,TRUE,FALSE,FALSE,TRUE,FALSE,FALSE,FALSE,FALSE,FALSE,FALSE,FALSE,FALSE,FALSE,FALSE,FALSE,FALSE,FALSE,FALSE,FALSE,TRUE,FALSE,FALSE,FALSE,FALSE,FALSE,FALSE,FALSE,FALSE,FALSE,TRUE,FALSE,FALSE
13,14,Rawan Farhan Al-Aqeel,https://dl.dropboxusercontent.com/s/dau54oadfy1o1fy/%D8%B1%D9%88%D8%A7%D9%86%20%D9%81%D8%B1%D8%AD%D8%A7%D9%86%20%D8%A7%D9%84%D8%B9%D9%82%D9%8A%D9%84.png?dl=0,TRUE,TRUE,FALSE,TRUE,TRUE,TRUE,FALSE,FALSE,FALSE,TRUE,FALSE,FALSE,FALSE,FALSE,FALSE,FALSE,FALSE,FALSE,FALSE,FALSE,FALSE,FALSE,FALSE,FALSE,FALSE,FALSE,FALSE,FALSE,TRUE,FALSE,FALSE,FALSE,FALSE,FALSE,FALSE,FALSE,FALSE,FALSE,FALSE,TRUE
14,15,Nasser bin Ali Abdullah Al-Mousa,https://dl.dropboxusercontent.com/s/w5chidm9zkig4fi/%D9%86%D8%A7%D8%B5%D8%B1%20%D8%A8%D9%86%20%D8%B9%D9%84%D9%8A%20%D8%B9%D8%A8%D8%AF%20%D8%A7%D9%84%D9%84%D9%87%20%D8%A7%D9%84%D9%85%D9%88%D8%B3%D9%89.png?dl=0,FALSE,TRUE,TRUE,TRUE,TRUE,TRUE,FALSE,FALSE,FALSE,FALSE,FALSE,FALSE,FALSE,FALSE,FALSE,FALSE,FALSE,FALSE,FALSE,FALSE,FALSE,FALSE,FALSE,FALSE,FALSE,FALSE,FALSE,FALSE,FALSE,TRUE,FALSE,FALSE,FALSE,FALSE,FALSE,FALSE,FALSE,FALSE,TRUE,FALSE
15,16,Mohammed bin Ali Al-Suwailem,https://dl.dropboxusercontent.com/s/bs2tlgwtdrhoonl/%D9%85%D8%AD%D9%85%D8%AF%20%D8%A8%D9%86%20%D8%B9%D9%84%D9%8A%20%D8%A7%D9%84%D8%B3%D9%88%D9%8A%D9%84%D9%85.png?dl=0,FALSE,FALSE,TRUE,TRUE,TRUE,TRUE,FALSE,FALSE,TRUE,FALSE,FALSE,FALSE,FALSE,FALSE,FALSE,FALSE,FALSE,FALSE,FALSE,FALSE,FALSE,FALSE,FALSE,FALSE,FALSE,FALSE,FALSE,FALSE,FALSE,FALSE,TRUE,FALSE,FALSE,FALSE,FALSE,FALSE,FALSE,FALSE,FALSE,TRUE
16,17,Badr Al-Asaker,https://dl.dropboxusercontent.com/s/5dxbzjqwx5p7e0d/%D8%A8%D8%AF%D8%B1%20%D8%A7%D9%84%D8%B9%D8%B3%D8%A7%D9%83%D8%B1.png?dl=0,FALSE,TRUE,TRUE,TRUE,TRUE,TRUE,FALSE,FALSE,TRUE,TRUE,FALSE,FALSE,FALSE,FALSE,FALSE,FALSE,FALSE,FALSE,FALSE,FALSE,FALSE,FALSE,FALSE,FALSE,FALSE,FALSE,FALSE,FALSE,FALSE,FALSE,FALSE,TRUE,FALSE,FALSE,FALSE,FALSE,FALSE,FALSE,TRUE,FALSE
17,18,Fayez al-Maliki,https://dl.dropboxusercontent.com/s/2padzkflsl82edk/%D9%81%D8%A7%D9%8A%D8%B2%20%D8%A7%D9%84%D9%85%D8%A7%D9%84%D9%83%D9%8A.png?dl=0,FALSE,TRUE,TRUE,TRUE,TRUE,TRUE,FALSE,FALSE,FALSE,FALSE,FALSE,FALSE,TRUE,FALSE,FALSE,FALSE,FALSE,FALSE,FALSE,FALSE,FALSE,FALSE,FALSE,FALSE,FALSE,FALSE,FALSE,FALSE,FALSE,FALSE,FALSE,FALSE,TRUE,FALSE,FALSE,FALSE,FALSE,FALSE,TRUE,FALSE
18,19,Abdul Rahman Abdullah Faqih,https://dl.dropboxusercontent.com/s/dtni216y13hudvz/%D8%B9%D8%A8%D8%AF%20%D8%A7%D9%84%D8%B1%D8%AD%D9%85%D9%86%20%D8%B9%D8%A8%D8%AF%20%D8%A7%D9%84%D9%84%D9%87%20%D9%81%D9%82%D9%8A%D9%87.png?dl=0,FALSE,TRUE,TRUE,TRUE,TRUE,TRUE,FALSE,FALSE,FALSE,FALSE,FALSE,FALSE,FALSE,FALSE,FALSE,FALSE,FALSE,FALSE,FALSE,FALSE,FALSE,FALSE,FALSE,FALSE,FALSE,FALSE,FALSE,FALSE,FALSE,FALSE,FALSE,FALSE,FALSE,TRUE,TRUE,FALSE,FALSE,FALSE,FALSE,TRUE
19,20,Abdullah Al-Ali Al-Naeem,https://dl.dropboxusercontent.com/s/mzsjcauml335flz/%D8%B9%D8%A8%D8%AF%20%D8%A7%D9%84%D9%84%D9%87%20%D8%A7%D9%84%D8%B9%D9%84%D9%8A%20%D8%A7%D9%84%D9%86%D8%B9%D9%8A%D9%85.png?dl=0,FALSE,TRUE,TRUE,TRUE,TRUE,TRUE,FALSE,FALSE,FALSE,FALSE,FALSE,FALSE,FALSE,FALSE,FALSE,FALSE,FALSE,FALSE,FALSE,FALSE,FALSE,FALSE,FALSE,FALSE,FALSE,FALSE,FALSE,FALSE,FALSE,FALSE,FALSE,FALSE,FALSE,FALSE,FALSE,TRUE,FALSE,FALSE,FALSE,TRUE
20,21,Fahda bint Saud bin Abdulaziz Al Saud,https://dl.dropboxusercontent.com/s/b9q6mm2mp64zbdy/%D9%81%D9%87%D8%AF%D8%A9%20%D8%A8%D9%86%D8%AA%20%D8%B3%D8%B9%D9%88%D8%AF%20%D8%A8%D9%86%20%D8%B9%D8%A8%D8%AF%20%D8%A7%D9%84%D8%B9%D8%B2%D9%8A%D8%B2%20%D8%A2%D9%84%20%D8%B3%D8%B9%D9%88%D8%AF.png?dl=0,TRUE,TRUE,TRUE,TRUE,TRUE,TRUE,FALSE,TRUE,TRUE,FALSE,FALSE,FALSE,FALSE,FALSE,FALSE,FALSE,FALSE,FALSE,FALSE,FALSE,FALSE,FALSE,FALSE,FALSE,FALSE,FALSE,FALSE,FALSE,FALSE,FALSE,FALSE,FALSE,FALSE,FALSE,FALSE,FALSE,TRUE,TRUE,FALSE,FALSE
